train_acc,train_loss,val_acc,val_loss
0.009305263157894737,4.612223,0.0116,4.6066628
