train_acc,train_loss,val_acc,val_loss
0.009452631578947369,4.6086082,0.0104,4.6067023
0.008947368421052631,4.606452,0.0076,4.6063476
0.00863157894736842,4.6061378,0.0076,4.6066437
