train_acc,train_loss,val_acc,val_loss
0.020421052631578947,4.496456,0.030400000000000003,4.7799196
0.04275789473684211,4.182754,0.054400000000000004,4.3250346
0.06467368421052633,4.041012,0.07400000000000001,4.0438237
0.08381052631578947,3.9382536,0.0924,3.964103
0.09646315789473686,3.848741,0.09960000000000001,3.8602483
0.10783157894736844,3.7696416,0.12079999999999998,3.676661
0.11839999999999999,3.7097638,0.12480000000000001,3.6872928
0.12738947368421052,3.6547656,0.1456,3.5821128
0.13629473684210525,3.601958,0.1524,3.555797
