train_acc,train_loss,val_acc,val_loss
0.017157894736842105,4.541631,0.013999999999999999,5.059329
0.027557894736842104,4.3791466,0.014400000000000001,5.8799343
0.044757894736842115,4.2271023,0.012400000000000001,8.528288
0.06551578947368421,4.07141,0.01,10.288502
0.07938947368421054,3.971346,0.0176,7.7323494
0.09305263157894739,3.8749084,0.012,12.831862
0.10724210526315792,3.7796443,0.0116,15.654546
0.11896842105263158,3.7053192,0.0092,15.207017
0.12951578947368422,3.6393144,0.011600000000000001,17.602997
